PublishSubscribe,14443,Object,,"{'Anonymous':'(4097) Browse|Call','ConfigureAdmin':'(65423) All'}"
PublishSubscribe_AddConnection,17366,Method,,"{'ConfigureAdmin':'(61455) All'}"
PublishSubscribe_AddConnection_InputArguments,17367,Variable,,"{'ConfigureAdmin':'(59391) All'}"
PublishSubscribe_AddConnection_OutputArguments,17368,Variable,,"{'ConfigureAdmin':'(59391) All'}"
PublishSubscribe_Diagnostics,17409,Object,,"{'Anonymous':'(4097) Browse|Call','ConfigureAdmin':'(65423) All'}"
PublishSubscribe_Diagnostics_Reset,17421,Method,,"{'ConfigureAdmin':'(61455) All'}"
PublishSubscribe_GetSecurityGroup,15440,Method,"[SigningRequired,EncryptionRequired]","{'Anonymous':'(4097) Browse|Call','SecurityKeyServerAdmin':'(61455) All'}"
PublishSubscribe_GetSecurityGroup_InputArguments,15441,Variable,"[SigningRequired,EncryptionRequired]","{'Anonymous':'(33) Browse|Read','SecurityKeyServerAdmin':'(59391) All'}"
PublishSubscribe_GetSecurityGroup_OutputArguments,15442,Variable,"[SigningRequired,EncryptionRequired]","{'Anonymous':'(33) Browse|Read','SecurityKeyServerAdmin':'(59391) All'}"
PublishSubscribe_GetSecurityKeys,15215,Method,"[SigningRequired,EncryptionRequired]","{'Anonymous':'(4097) Browse|Call','SecurityKeyServerAdmin':'(61455) All'}"
PublishSubscribe_GetSecurityKeys_InputArguments,15216,Variable,"[SigningRequired,EncryptionRequired]","{'Anonymous':'(33) Browse|Read','SecurityKeyServerAdmin':'(59391) All'}"
PublishSubscribe_GetSecurityKeys_OutputArguments,15217,Variable,"[SigningRequired,EncryptionRequired]","{'Anonymous':'(33) Browse|Read','SecurityKeyServerAdmin':'(59391) All'}"
PublishSubscribe_KeyPushTargets,25440,Object,"[SigningRequired]","{'SecurityKeyServerAdmin':'(65423) All'}"
PublishSubscribe_KeyPushTargets_AddPushTarget,25441,Method,"[SigningRequired]","{'SecurityKeyServerAdmin':'(61455) All'}"
PublishSubscribe_KeyPushTargets_AddPushTarget_InputArguments,25442,Variable,"[SigningRequired]","{'SecurityKeyServerAdmin':'(59391) All'}"
PublishSubscribe_KeyPushTargets_AddPushTarget_OutputArguments,25443,Variable,"[SigningRequired]","{'SecurityKeyServerAdmin':'(59391) All'}"
PublishSubscribe_KeyPushTargets_RemovePushTarget,25444,Method,"[SigningRequired]","{'SecurityKeyServerAdmin':'(61455) All'}"
PublishSubscribe_KeyPushTargets_RemovePushTarget_InputArguments,25445,Variable,"[SigningRequired]","{'SecurityKeyServerAdmin':'(59391) All'}"
PublishSubscribe_PubSubConfiguration,25451,Object,,"{'Anonymous':'(4097) Browse|Call','ConfigureAdmin':'(65423) All'}"
PublishSubscribe_PubSubConfiguration_Close,25462,Method,,"{'Anonymous':'(4097) Browse|Call','ConfigureAdmin':'(61455) All'}"
PublishSubscribe_PubSubConfiguration_Close_InputArguments,25463,Variable,,"{'Anonymous':'(33) Browse|Read','ConfigureAdmin':'(59391) All'}"
PublishSubscribe_PubSubConfiguration_CloseAndUpdate,25477,Method,,"{'ConfigureAdmin':'(61455) All'}"
PublishSubscribe_PubSubConfiguration_CloseAndUpdate_InputArguments,25478,Variable,,"{'ConfigureAdmin':'(59391) All'}"
PublishSubscribe_PubSubConfiguration_CloseAndUpdate_OutputArguments,25479,Variable,,"{'ConfigureAdmin':'(59391) All'}"
PublishSubscribe_PubSubConfiguration_GetPosition,25469,Method,,"{'Anonymous':'(4097) Browse|Call','ConfigureAdmin':'(61455) All'}"
PublishSubscribe_PubSubConfiguration_GetPosition_InputArguments,25470,Variable,,"{'Anonymous':'(33) Browse|Read','ConfigureAdmin':'(59391) All'}"
PublishSubscribe_PubSubConfiguration_GetPosition_OutputArguments,25471,Variable,,"{'Anonymous':'(33) Browse|Read','ConfigureAdmin':'(59391) All'}"
PublishSubscribe_PubSubConfiguration_Open,25459,Method,,"{'Anonymous':'(4097) Browse|Call','ConfigureAdmin':'(61455) All'}"
PublishSubscribe_PubSubConfiguration_Open_InputArguments,25460,Variable,,"{'Anonymous':'(33) Browse|Read','ConfigureAdmin':'(59391) All'}"
PublishSubscribe_PubSubConfiguration_Open_OutputArguments,25461,Variable,,"{'Anonymous':'(33) Browse|Read','ConfigureAdmin':'(59391) All'}"
PublishSubscribe_PubSubConfiguration_OpenCount,25455,Variable,,"{'Anonymous':'(33) Browse|Read','ConfigureAdmin':'(59391) All'}"
PublishSubscribe_PubSubConfiguration_Read,25464,Method,,"{'Anonymous':'(4097) Browse|Call','ConfigureAdmin':'(61455) All'}"
PublishSubscribe_PubSubConfiguration_Read_InputArguments,25465,Variable,,"{'Anonymous':'(33) Browse|Read','ConfigureAdmin':'(59391) All'}"
PublishSubscribe_PubSubConfiguration_Read_OutputArguments,25466,Variable,,"{'Anonymous':'(33) Browse|Read','ConfigureAdmin':'(59391) All'}"
PublishSubscribe_PubSubConfiguration_ReserveIds,25474,Method,,"{'ConfigureAdmin':'(61455) All'}"
PublishSubscribe_PubSubConfiguration_ReserveIds_InputArguments,25475,Variable,,"{'ConfigureAdmin':'(59391) All'}"
PublishSubscribe_PubSubConfiguration_ReserveIds_OutputArguments,25476,Variable,,"{'ConfigureAdmin':'(59391) All'}"
PublishSubscribe_PubSubConfiguration_SetPosition,25472,Method,,"{'Anonymous':'(4097) Browse|Call','ConfigureAdmin':'(61455) All'}"
PublishSubscribe_PubSubConfiguration_SetPosition_InputArguments,25473,Variable,,"{'Anonymous':'(33) Browse|Read','ConfigureAdmin':'(59391) All'}"
PublishSubscribe_PubSubConfiguration_Size,25452,Variable,,"{'Anonymous':'(33) Browse|Read','ConfigureAdmin':'(59391) All'}"
PublishSubscribe_PubSubConfiguration_UserWritable,25454,Variable,,"{'Anonymous':'(33) Browse|Read','ConfigureAdmin':'(59391) All'}"
PublishSubscribe_PubSubConfiguration_Writable,25453,Variable,,"{'Anonymous':'(33) Browse|Read','ConfigureAdmin':'(59391) All'}"
PublishSubscribe_PubSubConfiguration_Write,25467,Method,,"{'ConfigureAdmin':'(61455) All'}"
PublishSubscribe_PubSubConfiguration_Write_InputArguments,25468,Variable,,"{'ConfigureAdmin':'(59391) All'}"
PublishSubscribe_RemoveConnection,17369,Method,,"{'ConfigureAdmin':'(61455) All'}"
PublishSubscribe_RemoveConnection_InputArguments,17370,Variable,,"{'ConfigureAdmin':'(59391) All'}"
PublishSubscribe_SecurityGroups,15443,Object,"[SigningRequired]","{'SecurityKeyServerAdmin':'(65423) All'}"
PublishSubscribe_SecurityGroups_AddSecurityGroup,15444,Method,"[SigningRequired]","{'SecurityKeyServerAdmin':'(61455) All'}"
PublishSubscribe_SecurityGroups_AddSecurityGroup_InputArguments,15445,Variable,"[SigningRequired]","{'SecurityKeyServerAdmin':'(59391) All'}"
PublishSubscribe_SecurityGroups_AddSecurityGroup_OutputArguments,15446,Variable,"[SigningRequired]","{'SecurityKeyServerAdmin':'(59391) All'}"
PublishSubscribe_SecurityGroups_RemoveSecurityGroup,15447,Method,"[SigningRequired]","{'SecurityKeyServerAdmin':'(61455) All'}"
PublishSubscribe_SecurityGroups_RemoveSecurityGroup_InputArguments,15448,Variable,"[SigningRequired]","{'SecurityKeyServerAdmin':'(59391) All'}"
PublishSubscribe_SetSecurityKeys,17364,Method,"[SigningRequired,EncryptionRequired]","{'Anonymous':'(1) Browse','SecurityKeyServerPush':'(61455) All','SecurityKeyServerAdmin':'(61455) All'}"
PublishSubscribe_SetSecurityKeys_InputArguments,17365,Variable,"[SigningRequired,EncryptionRequired]","{'Anonymous':'(33) Browse|Read','SecurityKeyServerPush':'(59391) All','SecurityKeyServerAdmin':'(59391) All'}"
Server_RequestServerStateChange,12886,Method,"[SigningRequired]","{'ConfigureAdmin':'(61455) All','SecurityAdmin':'(61455) All'}"
Server_RequestServerStateChange_InputArguments,12887,Variable,"[SigningRequired]","{'ConfigureAdmin':'(59391) All','SecurityAdmin':'(59391) All'}"
Server_ServerCapabilities_RoleSet,15606,Object,,"{'Anonymous':'(1) Browse','SecurityAdmin':'(65423) All'}"
Server_ServerCapabilities_RoleSet_AddRole,16301,Method,"[SigningRequired]","{'SecurityAdmin':'(61455) All'}"
Server_ServerCapabilities_RoleSet_AddRole_InputArguments,16302,Variable,"[SigningRequired]","{'SecurityAdmin':'(59391) All'}"
Server_ServerCapabilities_RoleSet_AddRole_OutputArguments,16303,Variable,"[SigningRequired]","{'SecurityAdmin':'(59391) All'}"
Server_ServerCapabilities_RoleSet_RemoveRole,16304,Method,"[SigningRequired]","{'SecurityAdmin':'(61455) All'}"
Server_ServerCapabilities_RoleSet_RemoveRole_InputArguments,16305,Variable,"[SigningRequired]","{'SecurityAdmin':'(59391) All'}"
Server_ServerDiagnostics_SessionsDiagnosticsSummary_SessionSecurityDiagnosticsArray,3708,Variable,"[SigningRequired,EncryptionRequired]","{'SecurityAdmin':'(59391) All'}"
ServerConfiguration,12637,Object,,"{'Anonymous':'(1) Browse','ConfigureAdmin':'(65423) All','SecurityAdmin':'(65423) All'}"
ServerConfiguration_ApplicationType,25707,Variable,,"{'Anonymous':'(33) Browse|Read','ConfigureAdmin':'(59391) All','SecurityAdmin':'(59391) All'}"
ServerConfiguration_ApplicationUri,25706,Variable,,"{'Anonymous':'(33) Browse|Read','ConfigureAdmin':'(59391) All','SecurityAdmin':'(59391) All'}"
ServerConfiguration_ApplyChanges,12740,Method,"[SigningRequired,SessionRequired]","{'SecurityAdmin':'(61455) All'}"
ServerConfiguration_CancelChanges,25708,Method,"[SigningRequired,SessionRequired]","{'SecurityAdmin':'(61455) All'}"
ServerConfiguration_CertificateGroups,14053,Object,,"{'Anonymous':'(1) Browse','ConfigureAdmin':'(65423) All','SecurityAdmin':'(65423) All'}"
ServerConfiguration_CertificateGroups_DefaultApplicationGroup,14156,Object,"[SigningRequired]","{'SecurityAdmin':'(65423) All'}"
ServerConfiguration_CertificateGroups_DefaultApplicationGroup_CertificateTypes,14161,Variable,"[SigningRequired]","{'SecurityAdmin':'(59391) All'}"
ServerConfiguration_CertificateGroups_DefaultApplicationGroup_TrustList,12642,Object,"[SigningRequired]","{'SecurityAdmin':'(65423) All'}"
ServerConfiguration_CertificateGroups_DefaultApplicationGroup_TrustList_AddCertificate,12668,Method,"[SigningRequired]","{'SecurityAdmin':'(61455) All'}"
ServerConfiguration_CertificateGroups_DefaultApplicationGroup_TrustList_AddCertificate_InputArguments,12669,Variable,"[SigningRequired]","{'SecurityAdmin':'(59391) All'}"
ServerConfiguration_CertificateGroups_DefaultApplicationGroup_TrustList_Close,12650,Method,"[SigningRequired]","{'SecurityAdmin':'(61455) All'}"
ServerConfiguration_CertificateGroups_DefaultApplicationGroup_TrustList_Close_InputArguments,12651,Variable,"[SigningRequired]","{'SecurityAdmin':'(59391) All'}"
ServerConfiguration_CertificateGroups_DefaultApplicationGroup_TrustList_CloseAndUpdate,12666,Method,"[SigningRequired]","{'SecurityAdmin':'(61455) All'}"
ServerConfiguration_CertificateGroups_DefaultApplicationGroup_TrustList_CloseAndUpdate_InputArguments,14160,Variable,"[SigningRequired]","{'SecurityAdmin':'(59391) All'}"
ServerConfiguration_CertificateGroups_DefaultApplicationGroup_TrustList_CloseAndUpdate_OutputArguments,12667,Variable,"[SigningRequired]","{'SecurityAdmin':'(59391) All'}"
ServerConfiguration_CertificateGroups_DefaultApplicationGroup_TrustList_GetPosition,12657,Method,"[SigningRequired]","{'SecurityAdmin':'(61455) All'}"
ServerConfiguration_CertificateGroups_DefaultApplicationGroup_TrustList_GetPosition_InputArguments,12658,Variable,"[SigningRequired]","{'SecurityAdmin':'(59391) All'}"
ServerConfiguration_CertificateGroups_DefaultApplicationGroup_TrustList_GetPosition_OutputArguments,12659,Variable,"[SigningRequired]","{'SecurityAdmin':'(59391) All'}"
ServerConfiguration_CertificateGroups_DefaultApplicationGroup_TrustList_LastUpdateTime,12662,Variable,"[SigningRequired]","{'SecurityAdmin':'(59391) All'}"
ServerConfiguration_CertificateGroups_DefaultApplicationGroup_TrustList_Open,12647,Method,"[SigningRequired]","{'SecurityAdmin':'(61455) All'}"
ServerConfiguration_CertificateGroups_DefaultApplicationGroup_TrustList_Open_InputArguments,12648,Variable,"[SigningRequired]","{'SecurityAdmin':'(59391) All'}"
ServerConfiguration_CertificateGroups_DefaultApplicationGroup_TrustList_Open_OutputArguments,12649,Variable,"[SigningRequired]","{'SecurityAdmin':'(59391) All'}"
ServerConfiguration_CertificateGroups_DefaultApplicationGroup_TrustList_OpenCount,12646,Variable,"[SigningRequired]","{'SecurityAdmin':'(59391) All'}"
ServerConfiguration_CertificateGroups_DefaultApplicationGroup_TrustList_OpenWithMasks,12663,Method,"[SigningRequired]","{'SecurityAdmin':'(61455) All'}"
ServerConfiguration_CertificateGroups_DefaultApplicationGroup_TrustList_OpenWithMasks_InputArguments,12664,Variable,"[SigningRequired]","{'SecurityAdmin':'(59391) All'}"
ServerConfiguration_CertificateGroups_DefaultApplicationGroup_TrustList_OpenWithMasks_OutputArguments,12665,Variable,"[SigningRequired]","{'SecurityAdmin':'(59391) All'}"
ServerConfiguration_CertificateGroups_DefaultApplicationGroup_TrustList_Read,12652,Method,"[SigningRequired]","{'SecurityAdmin':'(61455) All'}"
ServerConfiguration_CertificateGroups_DefaultApplicationGroup_TrustList_Read_InputArguments,12653,Variable,"[SigningRequired]","{'SecurityAdmin':'(59391) All'}"
ServerConfiguration_CertificateGroups_DefaultApplicationGroup_TrustList_Read_OutputArguments,12654,Variable,"[SigningRequired]","{'SecurityAdmin':'(59391) All'}"
ServerConfiguration_CertificateGroups_DefaultApplicationGroup_TrustList_RemoveCertificate,12670,Method,"[SigningRequired]","{'SecurityAdmin':'(61455) All'}"
ServerConfiguration_CertificateGroups_DefaultApplicationGroup_TrustList_RemoveCertificate_InputArguments,12671,Variable,"[SigningRequired]","{'SecurityAdmin':'(59391) All'}"
ServerConfiguration_CertificateGroups_DefaultApplicationGroup_TrustList_SetPosition,12660,Method,"[SigningRequired]","{'SecurityAdmin':'(61455) All'}"
ServerConfiguration_CertificateGroups_DefaultApplicationGroup_TrustList_SetPosition_InputArguments,12661,Variable,"[SigningRequired]","{'SecurityAdmin':'(59391) All'}"
ServerConfiguration_CertificateGroups_DefaultApplicationGroup_TrustList_Size,12643,Variable,"[SigningRequired]","{'SecurityAdmin':'(59391) All'}"
ServerConfiguration_CertificateGroups_DefaultApplicationGroup_TrustList_UserWritable,14158,Variable,"[SigningRequired]","{'SecurityAdmin':'(59391) All'}"
ServerConfiguration_CertificateGroups_DefaultApplicationGroup_TrustList_Writable,14157,Variable,"[SigningRequired]","{'SecurityAdmin':'(59391) All'}"
ServerConfiguration_CertificateGroups_DefaultApplicationGroup_TrustList_Write,12655,Method,"[SigningRequired]","{'SecurityAdmin':'(61455) All'}"
ServerConfiguration_CertificateGroups_DefaultApplicationGroup_TrustList_Write_InputArguments,12656,Variable,"[SigningRequired]","{'SecurityAdmin':'(59391) All'}"
ServerConfiguration_CertificateGroups_DefaultHttpsGroup,14088,Object,"[SigningRequired]","{'SecurityAdmin':'(65423) All'}"
ServerConfiguration_CertificateGroups_DefaultHttpsGroup_CertificateTypes,14121,Variable,"[SigningRequired]","{'SecurityAdmin':'(59391) All'}"
ServerConfiguration_CertificateGroups_DefaultHttpsGroup_TrustList,14089,Object,"[SigningRequired]","{'SecurityAdmin':'(65423) All'}"
ServerConfiguration_CertificateGroups_DefaultHttpsGroup_TrustList_AddCertificate,14117,Method,"[SigningRequired]","{'SecurityAdmin':'(61455) All'}"
ServerConfiguration_CertificateGroups_DefaultHttpsGroup_TrustList_AddCertificate_InputArguments,14118,Variable,"[SigningRequired]","{'SecurityAdmin':'(59391) All'}"
ServerConfiguration_CertificateGroups_DefaultHttpsGroup_TrustList_Close,14098,Method,"[SigningRequired]","{'SecurityAdmin':'(61455) All'}"
ServerConfiguration_CertificateGroups_DefaultHttpsGroup_TrustList_Close_InputArguments,14099,Variable,"[SigningRequired]","{'SecurityAdmin':'(59391) All'}"
ServerConfiguration_CertificateGroups_DefaultHttpsGroup_TrustList_CloseAndUpdate,14114,Method,"[SigningRequired]","{'SecurityAdmin':'(61455) All'}"
ServerConfiguration_CertificateGroups_DefaultHttpsGroup_TrustList_CloseAndUpdate_InputArguments,14115,Variable,"[SigningRequired]","{'SecurityAdmin':'(59391) All'}"
ServerConfiguration_CertificateGroups_DefaultHttpsGroup_TrustList_CloseAndUpdate_OutputArguments,14116,Variable,"[SigningRequired]","{'SecurityAdmin':'(59391) All'}"
ServerConfiguration_CertificateGroups_DefaultHttpsGroup_TrustList_GetPosition,14105,Method,"[SigningRequired]","{'SecurityAdmin':'(61455) All'}"
ServerConfiguration_CertificateGroups_DefaultHttpsGroup_TrustList_GetPosition_InputArguments,14106,Variable,"[SigningRequired]","{'SecurityAdmin':'(59391) All'}"
ServerConfiguration_CertificateGroups_DefaultHttpsGroup_TrustList_GetPosition_OutputArguments,14107,Variable,"[SigningRequired]","{'SecurityAdmin':'(59391) All'}"
ServerConfiguration_CertificateGroups_DefaultHttpsGroup_TrustList_LastUpdateTime,14110,Variable,"[SigningRequired]","{'SecurityAdmin':'(59391) All'}"
ServerConfiguration_CertificateGroups_DefaultHttpsGroup_TrustList_Open,14095,Method,"[SigningRequired]","{'SecurityAdmin':'(61455) All'}"
ServerConfiguration_CertificateGroups_DefaultHttpsGroup_TrustList_Open_InputArguments,14096,Variable,"[SigningRequired]","{'SecurityAdmin':'(59391) All'}"
ServerConfiguration_CertificateGroups_DefaultHttpsGroup_TrustList_Open_OutputArguments,14097,Variable,"[SigningRequired]","{'SecurityAdmin':'(59391) All'}"
ServerConfiguration_CertificateGroups_DefaultHttpsGroup_TrustList_OpenCount,14093,Variable,"[SigningRequired]","{'SecurityAdmin':'(59391) All'}"
ServerConfiguration_CertificateGroups_DefaultHttpsGroup_TrustList_OpenWithMasks,14111,Method,"[SigningRequired]","{'SecurityAdmin':'(61455) All'}"
ServerConfiguration_CertificateGroups_DefaultHttpsGroup_TrustList_OpenWithMasks_InputArguments,14112,Variable,"[SigningRequired]","{'SecurityAdmin':'(59391) All'}"
ServerConfiguration_CertificateGroups_DefaultHttpsGroup_TrustList_OpenWithMasks_OutputArguments,14113,Variable,"[SigningRequired]","{'SecurityAdmin':'(59391) All'}"
ServerConfiguration_CertificateGroups_DefaultHttpsGroup_TrustList_Read,14100,Method,"[SigningRequired]","{'SecurityAdmin':'(61455) All'}"
ServerConfiguration_CertificateGroups_DefaultHttpsGroup_TrustList_Read_InputArguments,14101,Variable,"[SigningRequired]","{'SecurityAdmin':'(59391) All'}"
ServerConfiguration_CertificateGroups_DefaultHttpsGroup_TrustList_Read_OutputArguments,14102,Variable,"[SigningRequired]","{'SecurityAdmin':'(59391) All'}"
ServerConfiguration_CertificateGroups_DefaultHttpsGroup_TrustList_RemoveCertificate,14119,Method,"[SigningRequired]","{'SecurityAdmin':'(61455) All'}"
ServerConfiguration_CertificateGroups_DefaultHttpsGroup_TrustList_RemoveCertificate_InputArguments,14120,Variable,"[SigningRequired]","{'SecurityAdmin':'(59391) All'}"
ServerConfiguration_CertificateGroups_DefaultHttpsGroup_TrustList_SetPosition,14108,Method,"[SigningRequired]","{'SecurityAdmin':'(61455) All'}"
ServerConfiguration_CertificateGroups_DefaultHttpsGroup_TrustList_SetPosition_InputArguments,14109,Variable,"[SigningRequired]","{'SecurityAdmin':'(59391) All'}"
ServerConfiguration_CertificateGroups_DefaultHttpsGroup_TrustList_Size,14090,Variable,"[SigningRequired]","{'SecurityAdmin':'(59391) All'}"
ServerConfiguration_CertificateGroups_DefaultHttpsGroup_TrustList_UserWritable,14092,Variable,"[SigningRequired]","{'SecurityAdmin':'(59391) All'}"
ServerConfiguration_CertificateGroups_DefaultHttpsGroup_TrustList_Writable,14091,Variable,"[SigningRequired]","{'SecurityAdmin':'(59391) All'}"
ServerConfiguration_CertificateGroups_DefaultHttpsGroup_TrustList_Write,14103,Method,"[SigningRequired]","{'SecurityAdmin':'(61455) All'}"
ServerConfiguration_CertificateGroups_DefaultHttpsGroup_TrustList_Write_InputArguments,14104,Variable,"[SigningRequired]","{'SecurityAdmin':'(59391) All'}"
ServerConfiguration_CertificateGroups_DefaultUserTokenGroup,14122,Object,"[SigningRequired]","{'SecurityAdmin':'(65423) All'}"
ServerConfiguration_CertificateGroups_DefaultUserTokenGroup_CertificateTypes,14155,Variable,"[SigningRequired]","{'SecurityAdmin':'(59391) All'}"
ServerConfiguration_CertificateGroups_DefaultUserTokenGroup_TrustList,14123,Object,"[SigningRequired]","{'SecurityAdmin':'(65423) All'}"
ServerConfiguration_CertificateGroups_DefaultUserTokenGroup_TrustList_AddCertificate,14151,Method,"[SigningRequired]","{'SecurityAdmin':'(61455) All'}"
ServerConfiguration_CertificateGroups_DefaultUserTokenGroup_TrustList_AddCertificate_InputArguments,14152,Variable,"[SigningRequired]","{'SecurityAdmin':'(59391) All'}"
ServerConfiguration_CertificateGroups_DefaultUserTokenGroup_TrustList_Close,14132,Method,"[SigningRequired]","{'SecurityAdmin':'(61455) All'}"
ServerConfiguration_CertificateGroups_DefaultUserTokenGroup_TrustList_Close_InputArguments,14133,Variable,"[SigningRequired]","{'SecurityAdmin':'(59391) All'}"
ServerConfiguration_CertificateGroups_DefaultUserTokenGroup_TrustList_CloseAndUpdate,14148,Method,"[SigningRequired]","{'SecurityAdmin':'(61455) All'}"
ServerConfiguration_CertificateGroups_DefaultUserTokenGroup_TrustList_CloseAndUpdate_InputArguments,14149,Variable,"[SigningRequired]","{'SecurityAdmin':'(59391) All'}"
ServerConfiguration_CertificateGroups_DefaultUserTokenGroup_TrustList_CloseAndUpdate_OutputArguments,14150,Variable,"[SigningRequired]","{'SecurityAdmin':'(59391) All'}"
ServerConfiguration_CertificateGroups_DefaultUserTokenGroup_TrustList_GetPosition,14139,Method,"[SigningRequired]","{'SecurityAdmin':'(61455) All'}"
ServerConfiguration_CertificateGroups_DefaultUserTokenGroup_TrustList_GetPosition_InputArguments,14140,Variable,"[SigningRequired]","{'SecurityAdmin':'(59391) All'}"
ServerConfiguration_CertificateGroups_DefaultUserTokenGroup_TrustList_GetPosition_OutputArguments,14141,Variable,"[SigningRequired]","{'SecurityAdmin':'(59391) All'}"
ServerConfiguration_CertificateGroups_DefaultUserTokenGroup_TrustList_LastUpdateTime,14144,Variable,"[SigningRequired]","{'SecurityAdmin':'(59391) All'}"
ServerConfiguration_CertificateGroups_DefaultUserTokenGroup_TrustList_Open,14129,Method,"[SigningRequired]","{'SecurityAdmin':'(61455) All'}"
ServerConfiguration_CertificateGroups_DefaultUserTokenGroup_TrustList_Open_InputArguments,14130,Variable,"[SigningRequired]","{'SecurityAdmin':'(59391) All'}"
ServerConfiguration_CertificateGroups_DefaultUserTokenGroup_TrustList_Open_OutputArguments,14131,Variable,"[SigningRequired]","{'SecurityAdmin':'(59391) All'}"
ServerConfiguration_CertificateGroups_DefaultUserTokenGroup_TrustList_OpenCount,14127,Variable,"[SigningRequired]","{'SecurityAdmin':'(59391) All'}"
ServerConfiguration_CertificateGroups_DefaultUserTokenGroup_TrustList_OpenWithMasks,14145,Method,"[SigningRequired]","{'SecurityAdmin':'(61455) All'}"
ServerConfiguration_CertificateGroups_DefaultUserTokenGroup_TrustList_OpenWithMasks_InputArguments,14146,Variable,"[SigningRequired]","{'SecurityAdmin':'(59391) All'}"
ServerConfiguration_CertificateGroups_DefaultUserTokenGroup_TrustList_OpenWithMasks_OutputArguments,14147,Variable,"[SigningRequired]","{'SecurityAdmin':'(59391) All'}"
ServerConfiguration_CertificateGroups_DefaultUserTokenGroup_TrustList_Read,14134,Method,"[SigningRequired]","{'SecurityAdmin':'(61455) All'}"
ServerConfiguration_CertificateGroups_DefaultUserTokenGroup_TrustList_Read_InputArguments,14135,Variable,"[SigningRequired]","{'SecurityAdmin':'(59391) All'}"
ServerConfiguration_CertificateGroups_DefaultUserTokenGroup_TrustList_Read_OutputArguments,14136,Variable,"[SigningRequired]","{'SecurityAdmin':'(59391) All'}"
ServerConfiguration_CertificateGroups_DefaultUserTokenGroup_TrustList_RemoveCertificate,14153,Method,"[SigningRequired]","{'SecurityAdmin':'(61455) All'}"
ServerConfiguration_CertificateGroups_DefaultUserTokenGroup_TrustList_RemoveCertificate_InputArguments,14154,Variable,"[SigningRequired]","{'SecurityAdmin':'(59391) All'}"
ServerConfiguration_CertificateGroups_DefaultUserTokenGroup_TrustList_SetPosition,14142,Method,"[SigningRequired]","{'SecurityAdmin':'(61455) All'}"
ServerConfiguration_CertificateGroups_DefaultUserTokenGroup_TrustList_SetPosition_InputArguments,14143,Variable,"[SigningRequired]","{'SecurityAdmin':'(59391) All'}"
ServerConfiguration_CertificateGroups_DefaultUserTokenGroup_TrustList_Size,14124,Variable,"[SigningRequired]","{'SecurityAdmin':'(59391) All'}"
ServerConfiguration_CertificateGroups_DefaultUserTokenGroup_TrustList_UserWritable,14126,Variable,"[SigningRequired]","{'SecurityAdmin':'(59391) All'}"
ServerConfiguration_CertificateGroups_DefaultUserTokenGroup_TrustList_Writable,14125,Variable,"[SigningRequired]","{'SecurityAdmin':'(59391) All'}"
ServerConfiguration_CertificateGroups_DefaultUserTokenGroup_TrustList_Write,14137,Method,"[SigningRequired]","{'SecurityAdmin':'(61455) All'}"
ServerConfiguration_CertificateGroups_DefaultUserTokenGroup_TrustList_Write_InputArguments,14138,Variable,"[SigningRequired]","{'SecurityAdmin':'(59391) All'}"
ServerConfiguration_CreateSigningRequest,12737,Method,"[SigningRequired,EncryptionRequired]","{'SecurityAdmin':'(61455) All'}"
ServerConfiguration_CreateSigningRequest_InputArguments,12738,Variable,"[SigningRequired,EncryptionRequired]","{'SecurityAdmin':'(59391) All'}"
ServerConfiguration_CreateSigningRequest_OutputArguments,12739,Variable,"[SigningRequired,EncryptionRequired]","{'SecurityAdmin':'(59391) All'}"
ServerConfiguration_GetRejectedList,12777,Method,"[SigningRequired]","{'SecurityAdmin':'(61455) All'}"
ServerConfiguration_GetRejectedList_OutputArguments,12778,Variable,"[SigningRequired]","{'SecurityAdmin':'(59391) All'}"
ServerConfiguration_HasSecureElement,23597,Variable,,"{'Anonymous':'(33) Browse|Read','ConfigureAdmin':'(59391) All','SecurityAdmin':'(59391) All'}"
ServerConfiguration_MaxTrustListSize,12640,Variable,,"{'Anonymous':'(33) Browse|Read','ConfigureAdmin':'(59391) All','SecurityAdmin':'(59391) All'}"
ServerConfiguration_MulticastDnsEnabled,12641,Variable,,"{'Anonymous':'(33) Browse|Read','ConfigureAdmin':'(59391) All','SecurityAdmin':'(59391) All'}"
ServerConfiguration_ProductUri,25725,Variable,,"{'Anonymous':'(33) Browse|Read','ConfigureAdmin':'(59391) All','SecurityAdmin':'(59391) All'}"
ServerConfiguration_ResetToServerDefaults,25709,Method,"[SigningRequired]","{'SecurityAdmin':'(61455) All'}"
ServerConfiguration_ServerCapabilities,12710,Variable,,"{'Anonymous':'(33) Browse|Read','ConfigureAdmin':'(59391) All','SecurityAdmin':'(59391) All'}"
ServerConfiguration_SupportedPrivateKeyFormats,12639,Variable,,"{'Anonymous':'(33) Browse|Read','ConfigureAdmin':'(59391) All','SecurityAdmin':'(59391) All'}"
ServerConfiguration_UpdateCertificate,13737,Method,"[SigningRequired,EncryptionRequired]","{'SecurityAdmin':'(61455) All'}"
ServerConfiguration_UpdateCertificate_InputArguments,13738,Variable,"[SigningRequired,EncryptionRequired]","{'SecurityAdmin':'(59391) All'}"
ServerConfiguration_UpdateCertificate_OutputArguments,13739,Variable,"[SigningRequired,EncryptionRequired]","{'SecurityAdmin':'(59391) All'}"
UserManagement,24290,Object,,"{'Anonymous':'(4097) Browse|Call','SecurityAdmin':'(65423) All'}"
UserManagement_AddUser,24304,Method,"[SigningRequired,EncryptionRequired]","{'SecurityAdmin':'(61455) All'}"
UserManagement_AddUser_InputArguments,24305,Variable,"[SigningRequired,EncryptionRequired]","{'SecurityAdmin':'(59391) All'}"
UserManagement_ChangePassword,24310,Method,"[SigningRequired,EncryptionRequired]","{'Anonymous':'(4097) Browse|Call','SecurityAdmin':'(61455) All'}"
UserManagement_ChangePassword_InputArguments,24311,Variable,"[SigningRequired,EncryptionRequired]","{'Anonymous':'(33) Browse|Read','SecurityAdmin':'(59391) All'}"
UserManagement_ModifyUser,24306,Method,"[SigningRequired,EncryptionRequired]","{'SecurityAdmin':'(61455) All'}"
UserManagement_ModifyUser_InputArguments,24307,Variable,"[SigningRequired,EncryptionRequired]","{'SecurityAdmin':'(59391) All'}"
UserManagement_PasswordLength,24302,Variable,,"{'Anonymous':'(33) Browse|Read','SecurityAdmin':'(59391) All'}"
UserManagement_PasswordOptions,24303,Variable,,"{'Anonymous':'(33) Browse|Read','SecurityAdmin':'(59391) All'}"
UserManagement_PasswordRestrictions,24291,Variable,,"{'Anonymous':'(33) Browse|Read','SecurityAdmin':'(59391) All'}"
UserManagement_RemoveUser,24308,Method,"[SigningRequired,EncryptionRequired]","{'SecurityAdmin':'(61455) All'}"
UserManagement_RemoveUser_InputArguments,24309,Variable,"[SigningRequired,EncryptionRequired]","{'SecurityAdmin':'(59391) All'}"
UserManagement_Users,24301,Variable,"[SigningRequired,EncryptionRequired]","{'SecurityAdmin':'(59391) All'}"
WellKnownRole_Anonymous,15644,Object,,"{'Anonymous':'(1) Browse','SecurityAdmin':'(65423) All'}"
WellKnownRole_Anonymous_AddApplication,16195,Method,"[SigningRequired,EncryptionRequired]","{'SecurityAdmin':'(61455) All'}"
WellKnownRole_Anonymous_AddApplication_InputArguments,16196,Variable,"[SigningRequired,EncryptionRequired]","{'SecurityAdmin':'(59391) All'}"
WellKnownRole_Anonymous_AddEndpoint,16199,Method,"[SigningRequired,EncryptionRequired]","{'SecurityAdmin':'(61455) All'}"
WellKnownRole_Anonymous_AddEndpoint_InputArguments,16200,Variable,"[SigningRequired,EncryptionRequired]","{'SecurityAdmin':'(59391) All'}"
WellKnownRole_Anonymous_AddIdentity,15648,Method,"[SigningRequired,EncryptionRequired]","{'SecurityAdmin':'(61455) All'}"
WellKnownRole_Anonymous_AddIdentity_InputArguments,15649,Variable,"[SigningRequired,EncryptionRequired]","{'SecurityAdmin':'(59391) All'}"
WellKnownRole_Anonymous_Applications,16193,Variable,"[SigningRequired,EncryptionRequired]","{'SecurityAdmin':'(59391) All'}"
WellKnownRole_Anonymous_ApplicationsExclude,15412,Variable,"[SigningRequired,EncryptionRequired]","{'SecurityAdmin':'(59391) All'}"
WellKnownRole_Anonymous_Endpoints,16194,Variable,"[SigningRequired,EncryptionRequired]","{'SecurityAdmin':'(59391) All'}"
WellKnownRole_Anonymous_EndpointsExclude,15413,Variable,"[SigningRequired,EncryptionRequired]","{'SecurityAdmin':'(59391) All'}"
WellKnownRole_Anonymous_Identities,16192,Variable,"[SigningRequired,EncryptionRequired]","{'SecurityAdmin':'(59391) All'}"
WellKnownRole_Anonymous_RemoveApplication,16197,Method,"[SigningRequired,EncryptionRequired]","{'SecurityAdmin':'(61455) All'}"
WellKnownRole_Anonymous_RemoveApplication_InputArguments,16198,Variable,"[SigningRequired,EncryptionRequired]","{'SecurityAdmin':'(59391) All'}"
WellKnownRole_Anonymous_RemoveEndpoint,16201,Method,"[SigningRequired,EncryptionRequired]","{'SecurityAdmin':'(61455) All'}"
WellKnownRole_Anonymous_RemoveEndpoint_InputArguments,16202,Variable,"[SigningRequired,EncryptionRequired]","{'SecurityAdmin':'(59391) All'}"
WellKnownRole_Anonymous_RemoveIdentity,15650,Method,"[SigningRequired,EncryptionRequired]","{'SecurityAdmin':'(61455) All'}"
WellKnownRole_Anonymous_RemoveIdentity_InputArguments,15651,Variable,"[SigningRequired,EncryptionRequired]","{'SecurityAdmin':'(59391) All'}"
WellKnownRole_AuthenticatedUser,15656,Object,,"{'Anonymous':'(1) Browse','SecurityAdmin':'(65423) All'}"
WellKnownRole_AuthenticatedUser_AddApplication,16206,Method,"[SigningRequired,EncryptionRequired]","{'SecurityAdmin':'(61455) All'}"
WellKnownRole_AuthenticatedUser_AddApplication_InputArguments,16207,Variable,"[SigningRequired,EncryptionRequired]","{'SecurityAdmin':'(59391) All'}"
WellKnownRole_AuthenticatedUser_AddEndpoint,16210,Method,"[SigningRequired,EncryptionRequired]","{'SecurityAdmin':'(61455) All'}"
WellKnownRole_AuthenticatedUser_AddEndpoint_InputArguments,16211,Variable,"[SigningRequired,EncryptionRequired]","{'SecurityAdmin':'(59391) All'}"
WellKnownRole_AuthenticatedUser_AddIdentity,15660,Method,"[SigningRequired,EncryptionRequired]","{'SecurityAdmin':'(61455) All'}"
WellKnownRole_AuthenticatedUser_AddIdentity_InputArguments,15661,Variable,"[SigningRequired,EncryptionRequired]","{'SecurityAdmin':'(59391) All'}"
WellKnownRole_AuthenticatedUser_Applications,16204,Variable,"[SigningRequired,EncryptionRequired]","{'SecurityAdmin':'(59391) All'}"
WellKnownRole_AuthenticatedUser_ApplicationsExclude,15414,Variable,"[SigningRequired,EncryptionRequired]","{'SecurityAdmin':'(59391) All'}"
WellKnownRole_AuthenticatedUser_CustomConfiguration,24141,Variable,"[SigningRequired,EncryptionRequired]","{'SecurityAdmin':'(59391) All'}"
WellKnownRole_AuthenticatedUser_Endpoints,16205,Variable,"[SigningRequired,EncryptionRequired]","{'SecurityAdmin':'(59391) All'}"
WellKnownRole_AuthenticatedUser_EndpointsExclude,15415,Variable,"[SigningRequired,EncryptionRequired]","{'SecurityAdmin':'(59391) All'}"
WellKnownRole_AuthenticatedUser_Identities,16203,Variable,"[SigningRequired,EncryptionRequired]","{'SecurityAdmin':'(59391) All'}"
WellKnownRole_AuthenticatedUser_RemoveApplication,16208,Method,"[SigningRequired,EncryptionRequired]","{'SecurityAdmin':'(61455) All'}"
WellKnownRole_AuthenticatedUser_RemoveApplication_InputArguments,16209,Variable,"[SigningRequired,EncryptionRequired]","{'SecurityAdmin':'(59391) All'}"
WellKnownRole_AuthenticatedUser_RemoveEndpoint,16212,Method,"[SigningRequired,EncryptionRequired]","{'SecurityAdmin':'(61455) All'}"
WellKnownRole_AuthenticatedUser_RemoveEndpoint_InputArguments,16213,Variable,"[SigningRequired,EncryptionRequired]","{'SecurityAdmin':'(59391) All'}"
WellKnownRole_AuthenticatedUser_RemoveIdentity,15662,Method,"[SigningRequired,EncryptionRequired]","{'SecurityAdmin':'(61455) All'}"
WellKnownRole_AuthenticatedUser_RemoveIdentity_InputArguments,15663,Variable,"[SigningRequired,EncryptionRequired]","{'SecurityAdmin':'(59391) All'}"
WellKnownRole_ConfigureAdmin,15716,Object,,"{'Anonymous':'(1) Browse','SecurityAdmin':'(65423) All'}"
WellKnownRole_ConfigureAdmin_AddApplication,16272,Method,"[SigningRequired,EncryptionRequired]","{'SecurityAdmin':'(61455) All'}"
WellKnownRole_ConfigureAdmin_AddApplication_InputArguments,16273,Variable,"[SigningRequired,EncryptionRequired]","{'SecurityAdmin':'(59391) All'}"
WellKnownRole_ConfigureAdmin_AddEndpoint,16276,Method,"[SigningRequired,EncryptionRequired]","{'SecurityAdmin':'(61455) All'}"
WellKnownRole_ConfigureAdmin_AddEndpoint_InputArguments,16277,Variable,"[SigningRequired,EncryptionRequired]","{'SecurityAdmin':'(59391) All'}"
WellKnownRole_ConfigureAdmin_AddIdentity,15720,Method,"[SigningRequired,EncryptionRequired]","{'SecurityAdmin':'(61455) All'}"
WellKnownRole_ConfigureAdmin_AddIdentity_InputArguments,15721,Variable,"[SigningRequired,EncryptionRequired]","{'SecurityAdmin':'(59391) All'}"
WellKnownRole_ConfigureAdmin_Applications,16270,Variable,"[SigningRequired,EncryptionRequired]","{'SecurityAdmin':'(59391) All'}"
WellKnownRole_ConfigureAdmin_ApplicationsExclude,15428,Variable,"[SigningRequired,EncryptionRequired]","{'SecurityAdmin':'(59391) All'}"
WellKnownRole_ConfigureAdmin_CustomConfiguration,24146,Variable,"[SigningRequired,EncryptionRequired]","{'SecurityAdmin':'(59391) All'}"
WellKnownRole_ConfigureAdmin_Endpoints,16271,Variable,"[SigningRequired,EncryptionRequired]","{'SecurityAdmin':'(59391) All'}"
WellKnownRole_ConfigureAdmin_EndpointsExclude,15429,Variable,"[SigningRequired,EncryptionRequired]","{'SecurityAdmin':'(59391) All'}"
WellKnownRole_ConfigureAdmin_Identities,16269,Variable,"[SigningRequired,EncryptionRequired]","{'SecurityAdmin':'(59391) All'}"
WellKnownRole_ConfigureAdmin_RemoveApplication,16274,Method,"[SigningRequired,EncryptionRequired]","{'SecurityAdmin':'(61455) All'}"
WellKnownRole_ConfigureAdmin_RemoveApplication_InputArguments,16275,Variable,"[SigningRequired,EncryptionRequired]","{'SecurityAdmin':'(59391) All'}"
WellKnownRole_ConfigureAdmin_RemoveEndpoint,16278,Method,"[SigningRequired,EncryptionRequired]","{'SecurityAdmin':'(61455) All'}"
WellKnownRole_ConfigureAdmin_RemoveEndpoint_InputArguments,16279,Variable,"[SigningRequired,EncryptionRequired]","{'SecurityAdmin':'(59391) All'}"
WellKnownRole_ConfigureAdmin_RemoveIdentity,15722,Method,"[SigningRequired,EncryptionRequired]","{'SecurityAdmin':'(61455) All'}"
WellKnownRole_ConfigureAdmin_RemoveIdentity_InputArguments,15723,Variable,"[SigningRequired,EncryptionRequired]","{'SecurityAdmin':'(59391) All'}"
WellKnownRole_Engineer,16036,Object,,"{'Anonymous':'(1) Browse','SecurityAdmin':'(65423) All'}"
WellKnownRole_Engineer_AddApplication,16239,Method,"[SigningRequired,EncryptionRequired]","{'SecurityAdmin':'(61455) All'}"
WellKnownRole_Engineer_AddApplication_InputArguments,16240,Variable,"[SigningRequired,EncryptionRequired]","{'SecurityAdmin':'(59391) All'}"
WellKnownRole_Engineer_AddEndpoint,16243,Method,"[SigningRequired,EncryptionRequired]","{'SecurityAdmin':'(61455) All'}"
WellKnownRole_Engineer_AddEndpoint_InputArguments,16244,Variable,"[SigningRequired,EncryptionRequired]","{'SecurityAdmin':'(59391) All'}"
WellKnownRole_Engineer_AddIdentity,16041,Method,"[SigningRequired,EncryptionRequired]","{'SecurityAdmin':'(61455) All'}"
WellKnownRole_Engineer_AddIdentity_InputArguments,16042,Variable,"[SigningRequired,EncryptionRequired]","{'SecurityAdmin':'(59391) All'}"
WellKnownRole_Engineer_Applications,16237,Variable,"[SigningRequired,EncryptionRequired]","{'SecurityAdmin':'(59391) All'}"
WellKnownRole_Engineer_ApplicationsExclude,15424,Variable,"[SigningRequired,EncryptionRequired]","{'SecurityAdmin':'(59391) All'}"
WellKnownRole_Engineer_CustomConfiguration,24144,Variable,"[SigningRequired,EncryptionRequired]","{'SecurityAdmin':'(59391) All'}"
WellKnownRole_Engineer_Endpoints,16238,Variable,"[SigningRequired,EncryptionRequired]","{'SecurityAdmin':'(59391) All'}"
WellKnownRole_Engineer_EndpointsExclude,15425,Variable,"[SigningRequired,EncryptionRequired]","{'SecurityAdmin':'(59391) All'}"
WellKnownRole_Engineer_Identities,16236,Variable,"[SigningRequired,EncryptionRequired]","{'SecurityAdmin':'(59391) All'}"
WellKnownRole_Engineer_RemoveApplication,16241,Method,"[SigningRequired,EncryptionRequired]","{'SecurityAdmin':'(61455) All'}"
WellKnownRole_Engineer_RemoveApplication_InputArguments,16242,Variable,"[SigningRequired,EncryptionRequired]","{'SecurityAdmin':'(59391) All'}"
WellKnownRole_Engineer_RemoveEndpoint,16245,Method,"[SigningRequired,EncryptionRequired]","{'SecurityAdmin':'(61455) All'}"
WellKnownRole_Engineer_RemoveEndpoint_InputArguments,16246,Variable,"[SigningRequired,EncryptionRequired]","{'SecurityAdmin':'(59391) All'}"
WellKnownRole_Engineer_RemoveIdentity,16043,Method,"[SigningRequired,EncryptionRequired]","{'SecurityAdmin':'(61455) All'}"
WellKnownRole_Engineer_RemoveIdentity_InputArguments,16044,Variable,"[SigningRequired,EncryptionRequired]","{'SecurityAdmin':'(59391) All'}"
WellKnownRole_Observer,15668,Object,,"{'Anonymous':'(1) Browse','SecurityAdmin':'(65423) All'}"
WellKnownRole_Observer_AddApplication,16217,Method,"[SigningRequired,EncryptionRequired]","{'SecurityAdmin':'(61455) All'}"
WellKnownRole_Observer_AddApplication_InputArguments,16218,Variable,"[SigningRequired,EncryptionRequired]","{'SecurityAdmin':'(59391) All'}"
WellKnownRole_Observer_AddEndpoint,16221,Method,"[SigningRequired,EncryptionRequired]","{'SecurityAdmin':'(61455) All'}"
WellKnownRole_Observer_AddEndpoint_InputArguments,16222,Variable,"[SigningRequired,EncryptionRequired]","{'SecurityAdmin':'(59391) All'}"
WellKnownRole_Observer_AddIdentity,15672,Method,"[SigningRequired,EncryptionRequired]","{'SecurityAdmin':'(61455) All'}"
WellKnownRole_Observer_AddIdentity_InputArguments,15673,Variable,"[SigningRequired,EncryptionRequired]","{'SecurityAdmin':'(59391) All'}"
WellKnownRole_Observer_Applications,16215,Variable,"[SigningRequired,EncryptionRequired]","{'SecurityAdmin':'(59391) All'}"
WellKnownRole_Observer_ApplicationsExclude,15416,Variable,"[SigningRequired,EncryptionRequired]","{'SecurityAdmin':'(59391) All'}"
WellKnownRole_Observer_CustomConfiguration,24142,Variable,"[SigningRequired,EncryptionRequired]","{'SecurityAdmin':'(59391) All'}"
WellKnownRole_Observer_Endpoints,16216,Variable,"[SigningRequired,EncryptionRequired]","{'SecurityAdmin':'(59391) All'}"
WellKnownRole_Observer_EndpointsExclude,15417,Variable,"[SigningRequired,EncryptionRequired]","{'SecurityAdmin':'(59391) All'}"
WellKnownRole_Observer_Identities,16214,Variable,"[SigningRequired,EncryptionRequired]","{'SecurityAdmin':'(59391) All'}"
WellKnownRole_Observer_RemoveApplication,16219,Method,"[SigningRequired,EncryptionRequired]","{'SecurityAdmin':'(61455) All'}"
WellKnownRole_Observer_RemoveApplication_InputArguments,16220,Variable,"[SigningRequired,EncryptionRequired]","{'SecurityAdmin':'(59391) All'}"
WellKnownRole_Observer_RemoveEndpoint,16223,Method,"[SigningRequired,EncryptionRequired]","{'SecurityAdmin':'(61455) All'}"
WellKnownRole_Observer_RemoveEndpoint_InputArguments,16224,Variable,"[SigningRequired,EncryptionRequired]","{'SecurityAdmin':'(59391) All'}"
WellKnownRole_Observer_RemoveIdentity,15674,Method,"[SigningRequired,EncryptionRequired]","{'SecurityAdmin':'(61455) All'}"
WellKnownRole_Observer_RemoveIdentity_InputArguments,15675,Variable,"[SigningRequired,EncryptionRequired]","{'SecurityAdmin':'(59391) All'}"
WellKnownRole_Operator,15680,Object,,"{'Anonymous':'(1) Browse','SecurityAdmin':'(65423) All'}"
WellKnownRole_Operator_AddApplication,16228,Method,"[SigningRequired,EncryptionRequired]","{'SecurityAdmin':'(61455) All'}"
WellKnownRole_Operator_AddApplication_InputArguments,16229,Variable,"[SigningRequired,EncryptionRequired]","{'SecurityAdmin':'(59391) All'}"
WellKnownRole_Operator_AddEndpoint,16232,Method,"[SigningRequired,EncryptionRequired]","{'SecurityAdmin':'(61455) All'}"
WellKnownRole_Operator_AddEndpoint_InputArguments,16233,Variable,"[SigningRequired,EncryptionRequired]","{'SecurityAdmin':'(59391) All'}"
WellKnownRole_Operator_AddIdentity,15684,Method,"[SigningRequired,EncryptionRequired]","{'SecurityAdmin':'(61455) All'}"
WellKnownRole_Operator_AddIdentity_InputArguments,15685,Variable,"[SigningRequired,EncryptionRequired]","{'SecurityAdmin':'(59391) All'}"
WellKnownRole_Operator_Applications,16226,Variable,"[SigningRequired,EncryptionRequired]","{'SecurityAdmin':'(59391) All'}"
WellKnownRole_Operator_ApplicationsExclude,15418,Variable,"[SigningRequired,EncryptionRequired]","{'SecurityAdmin':'(59391) All'}"
WellKnownRole_Operator_CustomConfiguration,24143,Variable,"[SigningRequired,EncryptionRequired]","{'SecurityAdmin':'(59391) All'}"
WellKnownRole_Operator_Endpoints,16227,Variable,"[SigningRequired,EncryptionRequired]","{'SecurityAdmin':'(59391) All'}"
WellKnownRole_Operator_EndpointsExclude,15423,Variable,"[SigningRequired,EncryptionRequired]","{'SecurityAdmin':'(59391) All'}"
WellKnownRole_Operator_Identities,16225,Variable,"[SigningRequired,EncryptionRequired]","{'SecurityAdmin':'(59391) All'}"
WellKnownRole_Operator_RemoveApplication,16230,Method,"[SigningRequired,EncryptionRequired]","{'SecurityAdmin':'(61455) All'}"
WellKnownRole_Operator_RemoveApplication_InputArguments,16231,Variable,"[SigningRequired,EncryptionRequired]","{'SecurityAdmin':'(59391) All'}"
WellKnownRole_Operator_RemoveEndpoint,16234,Method,"[SigningRequired,EncryptionRequired]","{'SecurityAdmin':'(61455) All'}"
WellKnownRole_Operator_RemoveEndpoint_InputArguments,16235,Variable,"[SigningRequired,EncryptionRequired]","{'SecurityAdmin':'(59391) All'}"
WellKnownRole_Operator_RemoveIdentity,15686,Method,"[SigningRequired,EncryptionRequired]","{'SecurityAdmin':'(61455) All'}"
WellKnownRole_Operator_RemoveIdentity_InputArguments,15687,Variable,"[SigningRequired,EncryptionRequired]","{'SecurityAdmin':'(59391) All'}"
WellKnownRole_SecurityAdmin,15704,Object,,"{'Anonymous':'(1) Browse','SecurityAdmin':'(65423) All'}"
WellKnownRole_SecurityAdmin_AddApplication,16261,Method,"[SigningRequired,EncryptionRequired]","{'SecurityAdmin':'(61455) All'}"
WellKnownRole_SecurityAdmin_AddApplication_InputArguments,16262,Variable,"[SigningRequired,EncryptionRequired]","{'SecurityAdmin':'(59391) All'}"
WellKnownRole_SecurityAdmin_AddEndpoint,16265,Method,"[SigningRequired,EncryptionRequired]","{'SecurityAdmin':'(61455) All'}"
WellKnownRole_SecurityAdmin_AddEndpoint_InputArguments,16266,Variable,"[SigningRequired,EncryptionRequired]","{'SecurityAdmin':'(59391) All'}"
WellKnownRole_SecurityAdmin_AddIdentity,15708,Method,"[SigningRequired,EncryptionRequired]","{'SecurityAdmin':'(61455) All'}"
WellKnownRole_SecurityAdmin_AddIdentity_InputArguments,15709,Variable,"[SigningRequired,EncryptionRequired]","{'SecurityAdmin':'(59391) All'}"
WellKnownRole_SecurityAdmin_Applications,16259,Variable,"[SigningRequired,EncryptionRequired]","{'SecurityAdmin':'(59391) All'}"
WellKnownRole_SecurityAdmin_ApplicationsExclude,15430,Variable,"[SigningRequired,EncryptionRequired]","{'SecurityAdmin':'(59391) All'}"
WellKnownRole_SecurityAdmin_CustomConfiguration,24147,Variable,"[SigningRequired,EncryptionRequired]","{'SecurityAdmin':'(59391) All'}"
WellKnownRole_SecurityAdmin_Endpoints,16260,Variable,"[SigningRequired,EncryptionRequired]","{'SecurityAdmin':'(59391) All'}"
WellKnownRole_SecurityAdmin_EndpointsExclude,15527,Variable,"[SigningRequired,EncryptionRequired]","{'SecurityAdmin':'(59391) All'}"
WellKnownRole_SecurityAdmin_Identities,16258,Variable,"[SigningRequired,EncryptionRequired]","{'SecurityAdmin':'(59391) All'}"
WellKnownRole_SecurityAdmin_RemoveApplication,16263,Method,"[SigningRequired,EncryptionRequired]","{'SecurityAdmin':'(61455) All'}"
WellKnownRole_SecurityAdmin_RemoveApplication_InputArguments,16264,Variable,"[SigningRequired,EncryptionRequired]","{'SecurityAdmin':'(59391) All'}"
WellKnownRole_SecurityAdmin_RemoveEndpoint,16267,Method,"[SigningRequired,EncryptionRequired]","{'SecurityAdmin':'(61455) All'}"
WellKnownRole_SecurityAdmin_RemoveEndpoint_InputArguments,16268,Variable,"[SigningRequired,EncryptionRequired]","{'SecurityAdmin':'(59391) All'}"
WellKnownRole_SecurityAdmin_RemoveIdentity,15710,Method,"[SigningRequired,EncryptionRequired]","{'SecurityAdmin':'(61455) All'}"
WellKnownRole_SecurityAdmin_RemoveIdentity_InputArguments,15711,Variable,"[SigningRequired,EncryptionRequired]","{'SecurityAdmin':'(59391) All'}"
WellKnownRole_SecurityKeyServerAccess,25603,Object,,"{'Anonymous':'(1) Browse','SecurityAdmin':'(65423) All'}"
WellKnownRole_SecurityKeyServerAccess_AddApplication,25614,Method,"[SigningRequired,EncryptionRequired]","{'SecurityAdmin':'(61455) All'}"
WellKnownRole_SecurityKeyServerAccess_AddApplication_InputArguments,25615,Variable,"[SigningRequired,EncryptionRequired]","{'SecurityAdmin':'(59391) All'}"
WellKnownRole_SecurityKeyServerAccess_AddEndpoint,25618,Method,"[SigningRequired,EncryptionRequired]","{'SecurityAdmin':'(61455) All'}"
WellKnownRole_SecurityKeyServerAccess_AddEndpoint_InputArguments,25619,Variable,"[SigningRequired,EncryptionRequired]","{'SecurityAdmin':'(59391) All'}"
WellKnownRole_SecurityKeyServerAccess_AddIdentity,25610,Method,"[SigningRequired,EncryptionRequired]","{'SecurityAdmin':'(61455) All'}"
WellKnownRole_SecurityKeyServerAccess_AddIdentity_InputArguments,25611,Variable,"[SigningRequired,EncryptionRequired]","{'SecurityAdmin':'(59391) All'}"
WellKnownRole_SecurityKeyServerAccess_Applications,25606,Variable,"[SigningRequired,EncryptionRequired]","{'SecurityAdmin':'(59391) All'}"
WellKnownRole_SecurityKeyServerAccess_ApplicationsExclude,25605,Variable,"[SigningRequired,EncryptionRequired]","{'SecurityAdmin':'(59391) All'}"
WellKnownRole_SecurityKeyServerAccess_CustomConfiguration,25609,Variable,"[SigningRequired,EncryptionRequired]","{'SecurityAdmin':'(59391) All'}"
WellKnownRole_SecurityKeyServerAccess_Endpoints,25608,Variable,"[SigningRequired,EncryptionRequired]","{'SecurityAdmin':'(59391) All'}"
WellKnownRole_SecurityKeyServerAccess_EndpointsExclude,25607,Variable,"[SigningRequired,EncryptionRequired]","{'SecurityAdmin':'(59391) All'}"
WellKnownRole_SecurityKeyServerAccess_Identities,25604,Variable,"[SigningRequired,EncryptionRequired]","{'SecurityAdmin':'(59391) All'}"
WellKnownRole_SecurityKeyServerAccess_RemoveApplication,25616,Method,"[SigningRequired,EncryptionRequired]","{'SecurityAdmin':'(61455) All'}"
WellKnownRole_SecurityKeyServerAccess_RemoveApplication_InputArguments,25617,Variable,"[SigningRequired,EncryptionRequired]","{'SecurityAdmin':'(59391) All'}"
WellKnownRole_SecurityKeyServerAccess_RemoveEndpoint,25620,Method,"[SigningRequired,EncryptionRequired]","{'SecurityAdmin':'(61455) All'}"
WellKnownRole_SecurityKeyServerAccess_RemoveEndpoint_InputArguments,25621,Variable,"[SigningRequired,EncryptionRequired]","{'SecurityAdmin':'(59391) All'}"
WellKnownRole_SecurityKeyServerAccess_RemoveIdentity,25612,Method,"[SigningRequired,EncryptionRequired]","{'SecurityAdmin':'(61455) All'}"
WellKnownRole_SecurityKeyServerAccess_RemoveIdentity_InputArguments,25613,Variable,"[SigningRequired,EncryptionRequired]","{'SecurityAdmin':'(59391) All'}"
WellKnownRole_SecurityKeyServerAdmin,25565,Object,,"{'Anonymous':'(1) Browse','SecurityAdmin':'(65423) All'}"
WellKnownRole_SecurityKeyServerAdmin_AddApplication,25576,Method,"[SigningRequired,EncryptionRequired]","{'SecurityAdmin':'(61455) All'}"
WellKnownRole_SecurityKeyServerAdmin_AddApplication_InputArguments,25577,Variable,"[SigningRequired,EncryptionRequired]","{'SecurityAdmin':'(59391) All'}"
WellKnownRole_SecurityKeyServerAdmin_AddEndpoint,25580,Method,"[SigningRequired,EncryptionRequired]","{'SecurityAdmin':'(61455) All'}"
WellKnownRole_SecurityKeyServerAdmin_AddEndpoint_InputArguments,25581,Variable,"[SigningRequired,EncryptionRequired]","{'SecurityAdmin':'(59391) All'}"
WellKnownRole_SecurityKeyServerAdmin_AddIdentity,25572,Method,"[SigningRequired,EncryptionRequired]","{'SecurityAdmin':'(61455) All'}"
WellKnownRole_SecurityKeyServerAdmin_AddIdentity_InputArguments,25573,Variable,"[SigningRequired,EncryptionRequired]","{'SecurityAdmin':'(59391) All'}"
WellKnownRole_SecurityKeyServerAdmin_Applications,25568,Variable,"[SigningRequired,EncryptionRequired]","{'SecurityAdmin':'(59391) All'}"
WellKnownRole_SecurityKeyServerAdmin_ApplicationsExclude,25567,Variable,"[SigningRequired,EncryptionRequired]","{'SecurityAdmin':'(59391) All'}"
WellKnownRole_SecurityKeyServerAdmin_CustomConfiguration,25571,Variable,"[SigningRequired,EncryptionRequired]","{'SecurityAdmin':'(59391) All'}"
WellKnownRole_SecurityKeyServerAdmin_Endpoints,25570,Variable,"[SigningRequired,EncryptionRequired]","{'SecurityAdmin':'(59391) All'}"
WellKnownRole_SecurityKeyServerAdmin_EndpointsExclude,25569,Variable,"[SigningRequired,EncryptionRequired]","{'SecurityAdmin':'(59391) All'}"
WellKnownRole_SecurityKeyServerAdmin_Identities,25566,Variable,"[SigningRequired,EncryptionRequired]","{'SecurityAdmin':'(59391) All'}"
WellKnownRole_SecurityKeyServerAdmin_RemoveApplication,25578,Method,"[SigningRequired,EncryptionRequired]","{'SecurityAdmin':'(61455) All'}"
WellKnownRole_SecurityKeyServerAdmin_RemoveApplication_InputArguments,25579,Variable,"[SigningRequired,EncryptionRequired]","{'SecurityAdmin':'(59391) All'}"
WellKnownRole_SecurityKeyServerAdmin_RemoveEndpoint,25582,Method,"[SigningRequired,EncryptionRequired]","{'SecurityAdmin':'(61455) All'}"
WellKnownRole_SecurityKeyServerAdmin_RemoveEndpoint_InputArguments,25583,Variable,"[SigningRequired,EncryptionRequired]","{'SecurityAdmin':'(59391) All'}"
WellKnownRole_SecurityKeyServerAdmin_RemoveIdentity,25574,Method,"[SigningRequired,EncryptionRequired]","{'SecurityAdmin':'(61455) All'}"
WellKnownRole_SecurityKeyServerAdmin_RemoveIdentity_InputArguments,25575,Variable,"[SigningRequired,EncryptionRequired]","{'SecurityAdmin':'(59391) All'}"
WellKnownRole_SecurityKeyServerPush,25584,Object,,"{'Anonymous':'(1) Browse','SecurityAdmin':'(65423) All'}"
WellKnownRole_SecurityKeyServerPush_AddApplication,25595,Method,"[SigningRequired,EncryptionRequired]","{'SecurityAdmin':'(61455) All'}"
WellKnownRole_SecurityKeyServerPush_AddApplication_InputArguments,25596,Variable,"[SigningRequired,EncryptionRequired]","{'SecurityAdmin':'(59391) All'}"
WellKnownRole_SecurityKeyServerPush_AddEndpoint,25599,Method,"[SigningRequired,EncryptionRequired]","{'SecurityAdmin':'(61455) All'}"
WellKnownRole_SecurityKeyServerPush_AddEndpoint_InputArguments,25600,Variable,"[SigningRequired,EncryptionRequired]","{'SecurityAdmin':'(59391) All'}"
WellKnownRole_SecurityKeyServerPush_AddIdentity,25591,Method,"[SigningRequired,EncryptionRequired]","{'SecurityAdmin':'(61455) All'}"
WellKnownRole_SecurityKeyServerPush_AddIdentity_InputArguments,25592,Variable,"[SigningRequired,EncryptionRequired]","{'SecurityAdmin':'(59391) All'}"
WellKnownRole_SecurityKeyServerPush_Applications,25587,Variable,"[SigningRequired,EncryptionRequired]","{'SecurityAdmin':'(59391) All'}"
WellKnownRole_SecurityKeyServerPush_ApplicationsExclude,25586,Variable,"[SigningRequired,EncryptionRequired]","{'SecurityAdmin':'(59391) All'}"
WellKnownRole_SecurityKeyServerPush_CustomConfiguration,25590,Variable,"[SigningRequired,EncryptionRequired]","{'SecurityAdmin':'(59391) All'}"
WellKnownRole_SecurityKeyServerPush_Endpoints,25589,Variable,"[SigningRequired,EncryptionRequired]","{'SecurityAdmin':'(59391) All'}"
WellKnownRole_SecurityKeyServerPush_EndpointsExclude,25588,Variable,"[SigningRequired,EncryptionRequired]","{'SecurityAdmin':'(59391) All'}"
WellKnownRole_SecurityKeyServerPush_Identities,25585,Variable,"[SigningRequired,EncryptionRequired]","{'SecurityAdmin':'(59391) All'}"
WellKnownRole_SecurityKeyServerPush_RemoveApplication,25597,Method,"[SigningRequired,EncryptionRequired]","{'SecurityAdmin':'(61455) All'}"
WellKnownRole_SecurityKeyServerPush_RemoveApplication_InputArguments,25598,Variable,"[SigningRequired,EncryptionRequired]","{'SecurityAdmin':'(59391) All'}"
WellKnownRole_SecurityKeyServerPush_RemoveEndpoint,25601,Method,"[SigningRequired,EncryptionRequired]","{'SecurityAdmin':'(61455) All'}"
WellKnownRole_SecurityKeyServerPush_RemoveEndpoint_InputArguments,25602,Variable,"[SigningRequired,EncryptionRequired]","{'SecurityAdmin':'(59391) All'}"
WellKnownRole_SecurityKeyServerPush_RemoveIdentity,25593,Method,"[SigningRequired,EncryptionRequired]","{'SecurityAdmin':'(61455) All'}"
WellKnownRole_SecurityKeyServerPush_RemoveIdentity_InputArguments,25594,Variable,"[SigningRequired,EncryptionRequired]","{'SecurityAdmin':'(59391) All'}"
WellKnownRole_Supervisor,15692,Object,,"{'Anonymous':'(1) Browse','SecurityAdmin':'(65423) All'}"
WellKnownRole_Supervisor_AddApplication,16250,Method,"[SigningRequired,EncryptionRequired]","{'SecurityAdmin':'(61455) All'}"
WellKnownRole_Supervisor_AddApplication_InputArguments,16251,Variable,"[SigningRequired,EncryptionRequired]","{'SecurityAdmin':'(59391) All'}"
WellKnownRole_Supervisor_AddEndpoint,16254,Method,"[SigningRequired,EncryptionRequired]","{'SecurityAdmin':'(61455) All'}"
WellKnownRole_Supervisor_AddEndpoint_InputArguments,16255,Variable,"[SigningRequired,EncryptionRequired]","{'SecurityAdmin':'(59391) All'}"
WellKnownRole_Supervisor_AddIdentity,15696,Method,"[SigningRequired,EncryptionRequired]","{'SecurityAdmin':'(61455) All'}"
WellKnownRole_Supervisor_AddIdentity_InputArguments,15697,Variable,"[SigningRequired,EncryptionRequired]","{'SecurityAdmin':'(59391) All'}"
WellKnownRole_Supervisor_Applications,16248,Variable,"[SigningRequired,EncryptionRequired]","{'SecurityAdmin':'(59391) All'}"
WellKnownRole_Supervisor_ApplicationsExclude,15426,Variable,"[SigningRequired,EncryptionRequired]","{'SecurityAdmin':'(59391) All'}"
WellKnownRole_Supervisor_CustomConfiguration,24145,Variable,"[SigningRequired,EncryptionRequired]","{'SecurityAdmin':'(59391) All'}"
WellKnownRole_Supervisor_Endpoints,16249,Variable,"[SigningRequired,EncryptionRequired]","{'SecurityAdmin':'(59391) All'}"
WellKnownRole_Supervisor_EndpointsExclude,15427,Variable,"[SigningRequired,EncryptionRequired]","{'SecurityAdmin':'(59391) All'}"
WellKnownRole_Supervisor_Identities,16247,Variable,"[SigningRequired,EncryptionRequired]","{'SecurityAdmin':'(59391) All'}"
WellKnownRole_Supervisor_RemoveApplication,16252,Method,"[SigningRequired,EncryptionRequired]","{'SecurityAdmin':'(61455) All'}"
WellKnownRole_Supervisor_RemoveApplication_InputArguments,16253,Variable,"[SigningRequired,EncryptionRequired]","{'SecurityAdmin':'(59391) All'}"
WellKnownRole_Supervisor_RemoveEndpoint,16256,Method,"[SigningRequired,EncryptionRequired]","{'SecurityAdmin':'(61455) All'}"
WellKnownRole_Supervisor_RemoveEndpoint_InputArguments,16257,Variable,"[SigningRequired,EncryptionRequired]","{'SecurityAdmin':'(59391) All'}"
WellKnownRole_Supervisor_RemoveIdentity,15698,Method,"[SigningRequired,EncryptionRequired]","{'SecurityAdmin':'(61455) All'}"
WellKnownRole_Supervisor_RemoveIdentity_InputArguments,15699,Variable,"[SigningRequired,EncryptionRequired]","{'SecurityAdmin':'(59391) All'}"
